herd,year,season,type,calves,adults,recruitment
Barkerville,2020,winter,OTC,6,40,0.15
Barkerville,2018,winter,OTC,3,38,0.07894736842105263
Barkerville,2016,winter,OTC,6,45,0.13333333333333333
Barkerville,2013,winter,OTC,3,13,0.23076923076923078
Barkerville,2012,winter,OTC,9,65,0.13846153846153847
Barkerville,2011,winter,OTC,13,47,0.2765957446808511
Barkerville,2006,winter,OTC,6,45,0.13333333333333333
Barkerville,2005,winter,OTC,9,35,0.2571428571428571
Barkerville,2004,winter,OTC,3,29,0.10344827586206896
Barkerville,2002,winter,OTC,7,34,0.20588235294117646
Barkerville,2001,winter,OTC,9,26,0.34615384615384615
Barkerville,2000,winter,OTC,4,34,0.11764705882352941
Barkerville,1999,winter,OTC,5,15,0.3333333333333333
Barkerville,1998,winter,OTC,3,23,0.13043478260869565
Barkerville,1997,winter,OTC,10,40,0.25
Barkerville,1996,winter,OTC,1,14,0.07142857142857142
Barkerville,1995,winter,OTC,1,10,0.1
Barkerville,1994,winter,OTC,6,33,0.18181818181818182
Barkerville,1993,winter,OTC,5,11,0.45454545454545453
Barkerville,1992,winter,OTC,3,22,0.13636363636363635
Barkerville,1991,winter,OTC,6,25,0.24
Barkerville,1989,winter,OTC,2,35,0.05714285714285714
Barkerville,1988,winter,OTC,6,32,0.1875
Barkerville,1987,winter,OTC,1,32,0.03125
Brazeau,2021,fall,OTC,1,6,0.16666666666666666
Brazeau,2020,fall,OTC,2,6,0.3333333333333333
Brazeau,2019,fall,OTC,2,8,0.25
Brazeau,2018,fall,OTC,2,6,0.3333333333333333
Brazeau,2017,fall,OTC,2,5,0.4
Brazeau,2016,fall,OTC,3,9,0.3333333333333333
Brazeau,2015,fall,OTC,1,6,0.16666666666666666
Brazeau,2014,fall,OTC,0,3,0
Brazeau,2012,fall,OTC,3,8,0.375
Brazeau,2011,fall,OTC,1,5,0.2
Brazeau,2010,fall,OTC,2,7,0.2857142857142857
Brazeau,2009,fall,OTC,3,10,0.3
Brazeau,2008,fall,OTC,3,17,0.17647058823529413
Brazeau,2007,fall,OTC,3,14,0.21428571428571427
Brazeau,2006,fall,OTC,3,21,0.14285714285714285
Brazeau,2005,fall,OTC,4,13,0.3076923076923077
Brazeau,2004,fall,OTC,4,12,0.3333333333333333
Brazeau,2002,fall,OTC,0,6,0
Brazeau,2001,fall,OTC,3,11,0.2727272727272727
Brazeau,1999,fall,OTC,3,13,0.23076923076923078
Brazeau,1997,fall,OTC,1,7,0.14285714285714285
Brazeau,1994,fall,OTC,9,22,0.4090909090909091
Burnt Pine,2008,winter,OTC,2,11,0.18181818181818182
Burnt Pine,2002,winter,OTC,1,19,0.05263157894736842
Central Rockies,2008,winter,OTC,1,2,0.5
Central Rockies,2002,winter,OTC,0,5,0
Central Rockies,1997,winter,OTC,1,16,0.0625
Central Rockies,1995,winter,OTC,1,7,0.14285714285714285
Charlotte Alplands,2021,spring,OTC,10,14,0.7142857142857143
Charlotte Alplands,2002,spring,OTC,4,19,0.21052631578947367
Charlotte Alplands,2000,fall,OTC,3,36,0.08333333333333333
Charlotte Alplands,1999,spring,OTC,5,25,0.2
Charlotte Alplands,1994,spring,OTC,15,38,0.39473684210526316
Chase,2017,winter,OTC,24,126,0.19047619047619047
Chase,2010,winter,OTC,25,149,0.16778523489932887
Chase,2009,winter,OTC,56,315,0.17777777777777778
Chase,2008,winter,OTC,47,188,0.25
Chase,2007,winter,OTC,55,319,0.1724137931034483
Quintette,2008,winter,OTC,18,77,0.23376623376623376
Chase,2006,winter,OTC,15,48,0.3125
Chase,2002,winter,OTC,21,112,0.1875
Chase,2000,winter,OTC,14,109,0.12844036697247707
Columbia North,2021,winter,OTC,22,136,0.16176470588235295
Columbia North,2017,winter,OTC,19,116,0.16379310344827586
Columbia North,2014,winter,OTC,14,101,0.13861386138613863
Columbia North,2013,winter,OTC,21,127,0.16535433070866143
Columbia North,2011,winter,OTC,9,92,0.09782608695652174
Columbia North,2008,winter,OTC,18,106,0.16981132075471697
Columbia North,2006,winter,OTC,18,107,0.16822429906542055
Columbia North,2004,winter,OTC,18,111,0.16216216216216217
Columbia North,2002,winter,OTC,17,128,0.1328125
Columbia North,1997,winter,OTC,24,179,0.1340782122905028
Columbia North,1996,winter,OTC,32,135,0.23703703703703705
Columbia North,1994,winter,OTC,40,166,0.24096385542168675
Columbia South,2013,winter,OTC,1,5,0.2
Columbia South,2011,winter,OTC,1,1,1
Columbia South,2009,winter,OTC,2,11,0.18181818181818182
Columbia South,2008,winter,OTC,0,16,0
Columbia South,2007,winter,OTC,1,31,0.03225806451612903
Columbia South,2006,winter,OTC,1,25,0.04
Columbia South,2004,winter,OTC,6,32,0.1875
Columbia South,2002,winter,OTC,5,24,0.20833333333333334
Columbia South,1997,winter,OTC,14,79,0.17721518987341772
Columbia South,1996,winter,OTC,10,71,0.14084507042253522
Columbia South,1994,winter,OTC,13,92,0.14130434782608695
Duncan,2015,winter,OTC,0,1,0
Duncan,2012,winter,OTC,0,2,0
Duncan,2010,winter,OTC,0,7,0
Duncan,2008,winter,OTC,0,11,0
Duncan,2007,winter,OTC,1,8,0.125
Duncan,2002,winter,OTC,4,13,0.3076923076923077
Duncan,1999,winter,OTC,2,24,0.08333333333333333
Duncan,1997,winter,OTC,2,22,0.09090909090909091
Duncan,1996,winter,OTC,6,30,0.2
Duncan,1995,winter,OTC,4,20,0.2
Frisby-Boulder,2013,winter,OTC,1,10,0.1
Frisby-Boulder,2011,winter,OTC,0,2,0
Frisby-Boulder,2008,winter,OTC,1,11,0.09090909090909091
Frisby-Boulder,2006,winter,OTC,3,13,0.23076923076923078
Frisby-Boulder,2004,winter,OTC,4,12,0.3333333333333333
Frisby-Boulder,2002,winter,OTC,5,15,0.3333333333333333
Frisby-Boulder,1997,winter,OTC,4,31,0.12903225806451613
Frisby-Boulder,1996,winter,OTC,5,15,0.3333333333333333
Frisby-Boulder,1994,winter,OTC,3,33,0.09090909090909091
Graham,2021,winter,OTC,17,92,0.18478260869565216
Graham,2016,winter,OTC,12,64,0.1875
Graham,2015,winter,OTC,25,164,0.1524390243902439
Graham,2009,winter,OTC,15,119,0.12605042016806722
Graham,2003,winter,OTC,2,44,0.045454545454545456
Graham,2002,winter,OTC,11,102,0.10784313725490197
Graham,1989,winter,OTC,91,490,0.18571428571428572
Graham,1988,winter,OTC,35,174,0.20114942528735633
Groundhog,2021,winter,OTC,7,27,0.25925925925925924
Groundhog,2020,winter,OTC,4,27,0.14814814814814814
Groundhog,2019,winter,OTC,5,13,0.38461538461538464
Groundhog,2018,winter,OTC,5,14,0.35714285714285715
Groundhog,2017,winter,OTC,2,11,0.18181818181818182
Groundhog,2015,winter,OTC,2,12,0.16666666666666666
Groundhog,2013,winter,OTC,2,9,0.2222222222222222
Groundhog,2011,winter,OTC,2,4,0.5
Groundhog,2010,winter,OTC,1,8,0.125
Groundhog,2008,winter,OTC,4,19,0.21052631578947367
Groundhog,2006,winter,OTC,4,19,0.21052631578947367
Groundhog,1999,winter,OTC,4,20,0.2
Hart North,2021,winter,OTC,20,94,0.2127659574468085
Hart North,2020,winter,OTC,18,91,0.1978021978021978
Hart North,2019,winter,OTC,22,88,0.25
Hart North,2016,winter,OTC,18,92,0.1956521739130435
Hart North,2015,winter,OTC,13,106,0.12264150943396226
Hart North,2013,winter,OTC,14,70,0.2
Hart North,2012,winter,OTC,10,101,0.09900990099009901
Hart North,2010,winter,OTC,20,129,0.15503875968992248
Hart North,2009,winter,OTC,17,130,0.13076923076923078
Hart North,2008,winter,OTC,11,110,0.1
Hart North,2007,winter,OTC,21,138,0.15217391304347827
Hart North,2006,winter,OTC,39,152,0.2565789473684211
Hart North,2005,winter,OTC,11,57,0.19298245614035087
Hart South,2021,winter,OTC,44,238,0.18487394957983194
Hart South,2020,winter,OTC,49,240,0.20416666666666666
Quintette,2013,winter,OTC,6,77,0.07792207792207792
Hart South,2019,winter,OTC,43,192,0.22395833333333334
Hart South,2016,winter,OTC,26,171,0.15204678362573099
Hart South,2013,winter,OTC,34,223,0.15246636771300448
Hart South,2012,winter,OTC,39,309,0.1262135922330097
Hart South,2010,winter,OTC,30,268,0.11194029850746269
Hart South,2006,winter,OTC,63,324,0.19444444444444445
Hart South,2005,winter,OTC,66,302,0.2185430463576159
Hart South,2002,winter,OTC,48,227,0.21145374449339208
Itcha-Ilgachuz,2021,spring,OTC,126,256,0.4921875
Itcha-Ilgachuz,2020,spring,OTC,18,167,0.10778443113772455
Itcha-Ilgachuz,2019,spring,OTC,48,425,0.11294117647058824
Itcha-Ilgachuz,2018,spring,OTC,124,327,0.37920489296636084
Itcha-Ilgachuz,2015,spring,OTC,226,383,0.5900783289817232
Itcha-Ilgachuz,2013,spring,OTC,259,722,0.3587257617728532
Itcha-Ilgachuz,2011,spring,OTC,357,1009,0.3538156590683845
Itcha-Ilgachuz,2010,spring,OTC,442,1651,0.2677165354330709
Itcha-Ilgachuz,2008,spring,OTC,432,1352,0.31952662721893493
Itcha-Ilgachuz,2004,spring,OTC,611,2161,0.2827394724664507
Itcha-Ilgachuz,2003,spring,OTC,743,2119,0.3506370929683813
Itcha-Ilgachuz,2002,spring,OTC,564,1487,0.3792871553463349
Itcha-Ilgachuz,2001,spring,OTC,673,1494,0.4504685408299866
Itcha-Ilgachuz,2000,spring,OTC,385,1369,0.28122717311906503
Itcha-Ilgachuz,1999,spring,OTC,557,1564,0.3561381074168798
Itcha-Ilgachuz,1998,spring,OTC,444,1245,0.3566265060240964
Itcha-Ilgachuz,1997,spring,OTC,334,993,0.3363544813695871
Itcha-Ilgachuz,1996,spring,OTC,428,893,0.47928331466965285
Itcha-Ilgachuz,1995,spring,OTC,293,843,0.3475682087781732
Itcha-Ilgachuz,1993,spring,OTC,317,877,0.3614595210946408
Itcha-Ilgachuz,1992,spring,OTC,298,1110,0.26846846846846845
Itcha-Ilgachuz,1991,spring,OTC,330,885,0.3728813559322034
Itcha-Ilgachuz,1990,spring,OTC,314,848,0.37028301886792453
Itcha-Ilgachuz,1989,spring,OTC,161,509,0.3163064833005894
Itcha-Ilgachuz,1988,spring,OTC,258,675,0.38222222222222224
Itcha-Ilgachuz,1987,spring,OTC,267,662,0.4033232628398791
Itcha-Ilgachuz,1986,spring,OTC,255,730,0.3493150684931507
Itcha-Ilgachuz,1985,spring,OTC,187,588,0.31802721088435376
Itcha-Ilgachuz,1984,spring,OTC,186,524,0.3549618320610687
Itcha-Ilgachuz,1983,spring,OTC,197,514,0.3832684824902724
Itcha-Ilgachuz,1980,spring,OTC,45,45,1
Quintette,2016,winter,OTC,5,24,0.20833333333333334
Itcha-Ilgachuz,1979,spring,OTC,5,13,0.38461538461538464
Kennedy Siding,2021,winter,OTC,20,79,0.25316455696202533
Kennedy Siding,2020,winter,OTC,11,76,0.14473684210526316
Kennedy Siding,2019,winter,OTC,18,59,0.3050847457627119
Kennedy Siding,2018,winter,OTC,9,56,0.16071428571428573
Kennedy Siding,2017,winter,OTC,18,45,0.4
Kennedy Siding,2016,winter,OTC,5,45,0.1111111111111111
Kennedy Siding,2015,winter,OTC,7,42,0.16666666666666666
Kennedy Siding,2012,winter,OTC,6,35,0.17142857142857143
Kennedy Siding,2011,winter,OTC,2,24,0.08333333333333333
Klinse-Za,2021,winter,OTC,14,87,0.16091954022988506
Klinse-Za,2020,winter,OTC,10,51,0.19607843137254902
Klinse-Za,2012,winter,OTC,3,22,0.13636363636363635
Klinse-Za,1996,winter,OTC,17,203,0.08374384236453201
Maligne,2017,fall,OTC,1,2,0.5
Maligne,2016,fall,OTC,1,2,0.5
Quintette,2018,winter,OTC,12,37,0.32432432432432434
Maligne,2015,fall,OTC,0,2,0
Maligne,2014,fall,OTC,0,5,0
Maligne,2013,fall,OTC,1,5,0.2
Maligne,2012,fall,OTC,1,0,Inf
Maligne,2010,fall,OTC,1,3,0.3333333333333333
Maligne,2009,fall,OTC,1,3,0.3333333333333333
Maligne,2008,fall,OTC,0,5,0
Maligne,2007,fall,OTC,2,5,0.4
Maligne,2006,fall,OTC,1,7,0.14285714285714285
Maligne,2005,fall,OTC,1,6,0.16666666666666666
Maligne,2004,fall,OTC,4,15,0.26666666666666666
Maligne,2002,fall,OTC,4,8,0.5
Maligne,2001,fall,OTC,6,35,0.17142857142857143
Maligne,1999,fall,OTC,15,53,0.2830188679245283
Maligne,1997,fall,OTC,3,37,0.08108108108108109
Maligne,1994,fall,OTC,10,31,0.3225806451612903
Monashee,2008,winter,OTC,1,4,0.25
Monashee,2006,winter,OTC,1,6,0.16666666666666666
Monashee,2004,winter,OTC,1,6,0.16666666666666666
Monashee,2002,winter,OTC,0,4,0
Monashee,1994,winter,OTC,3,7,0.42857142857142855
Quintette,2019,winter,OTC,12,36,0.3333333333333333
Nakusp,2021,winter,OTC,2,26,0.07692307692307693
Nakusp,2020,winter,OTC,1,11,0.09090909090909091
Nakusp,2019,winter,OTC,1,23,0.043478260869565216
Nakusp,2018,winter,OTC,4,27,0.14814814814814814
Nakusp,2017,winter,OTC,2,27,0.07407407407407407
Nakusp,2016,winter,OTC,2,33,0.06060606060606061
Nakusp,2015,winter,OTC,5,38,0.13157894736842105
Nakusp,2014,winter,OTC,8,42,0.19047619047619047
Nakusp,2012,winter,OTC,9,76,0.11842105263157894
Nakusp,2010,winter,OTC,12,65,0.18461538461538463
Nakusp,2008,winter,OTC,13,72,0.18055555555555555
Nakusp,2007,winter,OTC,9,50,0.18
Nakusp,2006,winter,OTC,20,54,0.37037037037037035
Nakusp,2005,winter,OTC,16,59,0.2711864406779661
Nakusp,2004,winter,OTC,13,57,0.22807017543859648
Nakusp,2002,winter,OTC,12,64,0.1875
Nakusp,1999,winter,OTC,11,140,0.07857142857142857
Nakusp,1997,winter,OTC,13,174,0.07471264367816093
Quintette,2020,winter,OTC,4,10,0.4
Nakusp,1996,winter,OTC,17,155,0.10967741935483871
Nakusp,1995,winter,OTC,6,37,0.16216216216216217
Nakusp,1994,winter,OTC,16,132,0.12121212121212122
Narrow Lake,2018,winter,OTC,2,13,0.15384615384615385
Narrow Lake,2017,winter,OTC,5,15,0.3333333333333333
Narrow Lake,2016,winter,OTC,5,26,0.19230769230769232
Narrow Lake,2014,winter,OTC,2,37,0.05405405405405406
Narrow Lake,2012,winter,OTC,2,34,0.058823529411764705
Narrow Lake,2010,winter,OTC,0,8,0
Narrow Lake,2009,winter,OTC,0,21,0
Narrow Lake,2008,winter,OTC,6,34,0.17647058823529413
Narrow Lake,2007,winter,OTC,4,44,0.09090909090909091
Narrow Lake,2006,winter,OTC,3,30,0.1
Narrow Lake,2005,winter,OTC,1,18,0.05555555555555555
Narrow Lake,2002,winter,OTC,7,54,0.12962962962962962
Narrow Lake,1999,winter,OTC,7,60,0.11666666666666667
North Cariboo,2020,winter,OTC,14,83,0.1686746987951807
North Cariboo,2018,winter,OTC,18,119,0.15126050420168066
North Cariboo,2016,winter,OTC,19,106,0.1792452830188679
North Cariboo,2014,winter,OTC,7,114,0.06140350877192982
North Cariboo,2011,winter,OTC,15,148,0.10135135135135136
North Cariboo,2010,winter,OTC,11,66,0.16666666666666666
North Cariboo,2006,winter,OTC,37,172,0.21511627906976744
North Cariboo,2005,winter,OTC,36,179,0.2011173184357542
North Cariboo,2002,winter,OTC,22,214,0.102803738317757
North Cariboo,1999,winter,OTC,26,232,0.11206896551724138
North Cariboo,1993,winter,OTC,23,130,0.17692307692307693
North Cariboo,1989,winter,OTC,32,127,0.25196850393700787
Purcells Central,2003,winter,OTC,1,5,0.2
Purcells Central,1996,winter,OTC,1,12,0.08333333333333333
Purcells Central,1994,winter,OTC,2,13,0.15384615384615385
Purcells South,2017,winter,OTC,1,12,0.08333333333333333
Purcells South,2016,winter,OTC,1,15,0.06666666666666667
Purcells South,2015,winter,OTC,2,17,0.11764705882352941
Purcells South,2014,winter,OTC,1,4,0.25
Purcells South,2013,winter,OTC,3,17,0.17647058823529413
Purcells South,2012,winter,OTC,4,10,0.4
Purcells South,2011,winter,OTC,1,14,0.07142857142857142
Purcells South,2010,winter,OTC,1,14,0.07142857142857142
Purcells South,2009,winter,OTC,1,13,0.07692307692307693
Purcells South,2007,winter,OTC,1,14,0.07142857142857142
Purcells South,2006,winter,OTC,2,14,0.14285714285714285
Purcells South,2005,winter,OTC,1,9,0.1111111111111111
Purcells South,2004,winter,OTC,1,10,0.1
Purcells South,2003,winter,OTC,1,8,0.125
Purcells South,2002,winter,OTC,2,11,0.18181818181818182
Purcells South,2000,winter,OTC,1,12,0.08333333333333333
Purcells South,1998,winter,OTC,0,13,0
Purcells South,1997,winter,OTC,3,25,0.12
Purcells South,1995,winter,OTC,1,62,0.016129032258064516
Purcells South,1994,winter,OTC,3,51,0.058823529411764705
Rainbows,2021,spring,OTC,8,16,0.5
Rainbows,2017,fall,OTC,2,30,0.06666666666666667
Rainbows,2009,fall,OTC,6,38,0.15789473684210525
Rainbows,2008,fall,OTC,1,4,0.25
Rainbows,2002,spring,OTC,12,33,0.36363636363636365
Rainbows,2002,fall,OTC,2,10,0.2
Rainbows,2001,spring,OTC,19,38,0.5
Rainbows,2001,fall,OTC,22,86,0.2558139534883721
Rainbows,2000,spring,OTC,19,77,0.24675324675324675
Rainbows,2000,fall,OTC,20,100,0.2
Rainbows,1999,spring,OTC,21,77,0.2727272727272727
Rainbows,1999,fall,OTC,13,94,0.13829787234042554
Rainbows,1998,spring,OTC,16,95,0.16842105263157894
Rainbows,1998,fall,OTC,3,103,0.02912621359223301
Rainbows,1997,spring,OTC,24,49,0.4897959183673469
Rainbows,1997,fall,OTC,9,118,0.07627118644067797
Rainbows,1996,fall,OTC,16,162,0.09876543209876543
Rainbows,1996,spring,OTC,22,123,0.17886178861788618
Rainbows,1989,spring,OTC,26,58,0.4482758620689655
Rainbows,1988,fall,OTC,11,92,0.11956521739130435
Rainbows,1988,spring,OTC,15,18,0.8333333333333334
Rainbows,1987,spring,OTC,33,85,0.38823529411764707
Rainbows,1987,fall,OTC,22,95,0.23157894736842105
Rainbows,1986,spring,OTC,29,46,0.6304347826086957
South Selkirks,2018,winter,OTC,0,3,0
South Selkirks,2017,winter,OTC,2,9,0.2222222222222222
South Selkirks,2016,winter,OTC,2,10,0.2
South Selkirks,2015,winter,OTC,1,13,0.07692307692307693
South Selkirks,2014,winter,OTC,1,17,0.058823529411764705
South Selkirks,2013,winter,OTC,4,23,0.17391304347826086
South Selkirks,2012,winter,OTC,1,22,0.045454545454545456
South Selkirks,2011,winter,OTC,3,33,0.09090909090909091
South Selkirks,2010,winter,OTC,3,40,0.075
South Selkirks,2009,winter,OTC,5,41,0.12195121951219512
South Selkirks,2008,winter,OTC,5,41,0.12195121951219512
South Selkirks,2007,winter,OTC,4,37,0.10810810810810811
South Selkirks,2006,winter,OTC,5,24,0.20833333333333334
South Selkirks,2004,winter,OTC,2,28,0.07142857142857142
South Selkirks,2003,winter,OTC,3,27,0.1111111111111111
South Selkirks,2002,winter,OTC,9,25,0.36
South Selkirks,2000,winter,OTC,6,28,0.21428571428571427
South Selkirks,1997,winter,OTC,7,32,0.21875
South Selkirks,1996,winter,OTC,6,33,0.18181818181818182
South Selkirks,1995,winter,OTC,8,44,0.18181818181818182
South Selkirks,1994,winter,OTC,5,40,0.125
South Selkirks,1993,winter,OTC,7,44,0.1590909090909091
South Selkirks,1992,winter,OTC,3,44,0.06818181818181818
South Selkirks,1991,winter,OTC,7,40,0.175
Takla,2020,winter,OTC,5,32,0.15625
Takla,2018,winter,OTC,2,37,0.05405405405405406
Takla,2017,winter,OTC,4,28,0.14285714285714285
Takla,2015,winter,OTC,12,55,0.21818181818181817
Takla,2012,winter,OTC,12,54,0.2222222222222222
Takla,2004,winter,OTC,12,110,0.10909090909090909
Takla,1995,winter,OTC,16,64,0.25
Takla,1993,winter,OTC,14,68,0.20588235294117646
Telkwa,2021,winter,OTC,7,23,0.30434782608695654
Telkwa,2019,winter,OTC,7,18,0.3888888888888889
Telkwa,2018,winter,OTC,5,17,0.29411764705882354
Wells Gray North,2020,winter,OTC,27,175,0.15428571428571428
Wells Gray North,2018,winter,OTC,30,160,0.1875
Wells Gray North,2015,winter,OTC,13,151,0.08609271523178808
Wells Gray North,2013,winter,OTC,21,159,0.1320754716981132
Wells Gray North,2012,winter,OTC,32,194,0.16494845360824742
Wells Gray North,2011,winter,OTC,23,168,0.13690476190476192
Wells Gray North,2010,winter,OTC,19,181,0.10497237569060773
Wells Gray North,2006,winter,OTC,35,175,0.2
Wells Gray North,2005,winter,OTC,28,161,0.17391304347826086
Wells Gray North,2004,winter,OTC,35,152,0.23026315789473684
Wells Gray North,2003,winter,OTC,8,72,0.1111111111111111
Wells Gray North,2002,winter,OTC,31,150,0.20666666666666667
Wells Gray North,2001,winter,OTC,27,127,0.2125984251968504
Wells Gray North,2000,winter,OTC,19,129,0.14728682170542637
Wells Gray North,1999,winter,OTC,23,128,0.1796875
Wells Gray North,1998,winter,OTC,20,164,0.12195121951219512
Wells Gray North,1997,winter,OTC,15,190,0.07894736842105263
Wells Gray North,1996,winter,OTC,26,205,0.12682926829268293
Wells Gray North,1995,winter,OTC,40,203,0.19704433497536947
Wells Gray North,1994,winter,OTC,40,209,0.19138755980861244
Wells Gray North,1993,winter,OTC,37,179,0.20670391061452514
Wells Gray North,1992,winter,OTC,19,153,0.12418300653594772
Wells Gray South,2020,winter,OTC,22,102,0.21568627450980393
Wells Gray South,2019,winter,OTC,23,90,0.25555555555555554
Wells Gray South,2018,winter,OTC,20,72,0.2777777777777778
Wells Gray South,2017,winter,OTC,28,95,0.29473684210526313
Wells Gray South,2015,winter,OTC,11,47,0.23404255319148937
Wells Gray South,2013,winter,OTC,17,93,0.1827956989247312
Wells Gray South,2011,winter,OTC,19,147,0.1292517006802721
Wells Gray South,2010,winter,OTC,15,62,0.24193548387096775
Wells Gray South,2008,winter,OTC,26,133,0.19548872180451127
Wells Gray South,2006,winter,OTC,38,163,0.2331288343558282
Wells Gray South,1999,winter,OTC,17,83,0.20481927710843373
Wells Gray South,1995,winter,OTC,44,165,0.26666666666666666
Wolverine,2010,winter,OTC,22,132,0.16666666666666666
Wolverine,2009,winter,OTC,27,211,0.12796208530805686
Wolverine,2008,winter,OTC,49,269,0.18215613382899629
Wolverine,2007,winter,OTC,54,293,0.18430034129692832
Wolverine,2004,winter,OTC,17,75,0.22666666666666666
Wolverine,2002,winter,OTC,21,57,0.3684210526315789
Wolverine,2000,winter,OTC,10,104,0.09615384615384616
Wolverine,1998,winter,OTC,35,179,0.19553072625698323
A La Peche,2020,winter,OSC,18,52,0.34615384615384615
A La Peche,2019,winter,OSC,22,65,0.3384615384615385
A La Peche,2018,winter,OSC,18,73,0.2465753424657534
A La Peche,2017,winter,OSC,19,77,0.24675324675324675
A La Peche,2016,winter,OSC,14,64,0.21875
A La Peche,2015,winter,OSC,22,62,0.3548387096774194
A La Peche,2014,winter,OSC,7,71,0.09859154929577464
A La Peche,2013,winter,OSC,10,67,0.14925373134328357
A La Peche,2012,winter,OSC,13,90,0.14444444444444443
A La Peche,2011,winter,OSC,12,54,0.2222222222222222
A La Peche,2010,winter,OSC,5,63,0.07936507936507936
A La Peche,2009,winter,OSC,18,74,0.24324324324324326
A La Peche,2008,winter,OSC,9,88,0.10227272727272728
Quintette,2002,winter,OSC,31,123,0.25203252032520324
A La Peche,2007,winter,OSC,9,75,0.12
A La Peche,2006,winter,OSC,7,64,0.109375
A La Peche,2005,winter,OSC,9,54,0.16666666666666666
A La Peche,2004,winter,OSC,4,95,0.042105263157894736
A La Peche,2003,winter,OSC,10,94,0.10638297872340426
A La Peche,2002,winter,OSC,12,83,0.14457831325301204
A La Peche,2000,winter,OSC,16,129,0.12403100775193798
A La Peche,1999,winter,OSC,17,99,0.1717171717171717
A La Peche,1998,winter,OSC,44,249,0.17670682730923695
Quintette,2003,winter,OSC,13,45,0.28888888888888886
Quintette,2004,winter,OSC,16,81,0.19753086419753085
Quintette,2005,winter,OSC,8,55,0.14545454545454545
Burnt Pine,2006,winter,OSC,2,15,0.13333333333333333
Burnt Pine,2005,winter,OSC,1,8,0.125
Burnt Pine,2004,winter,OSC,2,12,0.16666666666666666
Burnt Pine,2003,winter,OSC,2,14,0.14285714285714285
Quintette,2006,winter,OSC,13,83,0.1566265060240964
Quintette,2007,winter,OSC,13,92,0.14130434782608695
Charlotte Alplands,2013,fall,OSC,2,5,0.4
Charlotte Alplands,2010,fall,OSC,2,4,0.5
Charlotte Alplands,2002,winter,OSC,1,7,0.14285714285714285
Charlotte Alplands,2000,fall,OSC,1,20,0.05
Charlotte Alplands,1999,fall,OSC,3,25,0.12
Charlotte Alplands,1994,winter,OSC,7,35,0.2
Columbia North,2020,winter,OSC,8,47,0.1702127659574468
Columbia North,2019,winter,OSC,12,60,0.2
Columbia North,2018,winter,OSC,11,84,0.13095238095238096
Columbia North,2016,winter,OSC,8,60,0.13333333333333333
Columbia North,2012,winter,OSC,9,61,0.14754098360655737
Columbia North,2010,winter,OSC,5,43,0.11627906976744186
Columbia North,2007,winter,OSC,7,37,0.1891891891891892
Quintette,2009,winter,OSC,9,66,0.13636363636363635
Quintette,2010,winter,OSC,17,63,0.2698412698412698
Quintette,2011,winter,OSC,17,88,0.19318181818181818
Graham,2020,winter,OSC,8,65,0.12307692307692308
Graham,2019,winter,OSC,9,67,0.13432835820895522
Graham,2018,winter,OSC,6,31,0.1935483870967742
Graham,2017,winter,OSC,11,62,0.1774193548387097
Graham,2002,winter,OSC,19,64,0.296875
Graham,2001,winter,OSC,11,47,0.23404255319148937
Graham,1999,winter,OSC,12,85,0.1411764705882353
Graham,1995,winter,OSC,12,47,0.2553191489361702
Graham,1994,winter,OSC,9,103,0.08737864077669903
Graham,1989,winter,OSC,3,53,0.05660377358490566
Quintette,2012,winter,OSC,6,77,0.07792207792207792
Itcha-Ilgachuz,2021,winter,OSC,57,238,0.23949579831932774
Itcha-Ilgachuz,2015,winter,OSC,16,291,0.054982817869415807
Itcha-Ilgachuz,2014,winter,OSC,26,320,0.08125
Itcha-Ilgachuz,2015,fall,OSC,26,389,0.06683804627249357
Itcha-Ilgachuz,2013,winter,OSC,55,609,0.090311986863711
Itcha-Ilgachuz,2012,winter,OSC,48,399,0.12030075187969924
Itcha-Ilgachuz,2004,winter,OSC,37,328,0.11280487804878049
Quintette,2014,winter,OSC,13,40,0.325
Itcha-Ilgachuz,2003,winter,OSC,45,207,0.21739130434782608
Itcha-Ilgachuz,2002,winter,OSC,42,193,0.21761658031088082
Itcha-Ilgachuz,2002,fall,OSC,24,102,0.23529411764705882
Itcha-Ilgachuz,2001,winter,OSC,56,309,0.18122977346278318
Itcha-Ilgachuz,2000,winter,OSC,57,285,0.2
Itcha-Ilgachuz,2001,fall,OSC,108,432,0.25
Itcha-Ilgachuz,1999,winter,OSC,45,216,0.20833333333333334
Itcha-Ilgachuz,2000,fall,OSC,173,742,0.23315363881401618
Itcha-Ilgachuz,1998,winter,OSC,83,535,0.15514018691588785
Itcha-Ilgachuz,1999,fall,OSC,110,532,0.20676691729323307
Itcha-Ilgachuz,1997,winter,OSC,36,181,0.19889502762430938
Itcha-Ilgachuz,1998,fall,OSC,84,481,0.17463617463617465
Itcha-Ilgachuz,1996,winter,OSC,42,155,0.2709677419354839
Itcha-Ilgachuz,1997,fall,OSC,126,566,0.2226148409893993
Itcha-Ilgachuz,1996,fall,OSC,64,196,0.32653061224489793
Quintette,2015,winter,OSC,9,57,0.15789473684210525
Itcha-Ilgachuz,1995,fall,OSC,63,377,0.16710875331564987
Itcha-Ilgachuz,1988,winter,OSC,17,84,0.20238095238095238
Itcha-Ilgachuz,1987,winter,OSC,33,122,0.27049180327868855
Itcha-Ilgachuz,1988,fall,OSC,66,443,0.1489841986455982
Itcha-Ilgachuz,1986,winter,OSC,53,167,0.31736526946107785
Itcha-Ilgachuz,1987,fall,OSC,73,356,0.2050561797752809
Itcha-Ilgachuz,1985,winter,OSC,24,89,0.2696629213483146
Itcha-Ilgachuz,1986,fall,OSC,31,169,0.1834319526627219
Itcha-Ilgachuz,1984,winter,OSC,18,45,0.4
Itcha-Ilgachuz,1985,fall,OSC,40,294,0.1360544217687075
Itcha-Ilgachuz,1983,winter,OSC,61,182,0.33516483516483514
Itcha-Ilgachuz,1982,fall,OSC,62,72,0.8611111111111112
Itcha-Ilgachuz,1980,spring,OSC,10,118,0.0847457627118644
Itcha-Ilgachuz,1980,fall,OSC,10,118,0.0847457627118644
Itcha-Ilgachuz,1978,winter,OSC,10,49,0.20408163265306123
Itcha-Ilgachuz,1979,fall,OSC,117,236,0.4957627118644068
Itcha-Ilgachuz,1977,winter,OSC,32,106,0.3018867924528302
Kennedy Siding,2017,winter,OSC,10,21,0.47619047619047616
Kennedy Siding,2015,winter,OSC,4,15,0.26666666666666666
Kennedy Siding,2014,winter,OSC,1,11,0.09090909090909091
Kennedy Siding,2013,winter,OSC,3,23,0.13043478260869565
Kennedy Siding,2010,winter,OSC,3,25,0.12
Kennedy Siding,2009,winter,OSC,4,56,0.07142857142857142
Kennedy Siding,2007,winter,OSC,17,103,0.1650485436893204
Kennedy Siding,2006,winter,OSC,16,75,0.21333333333333335
Kennedy Siding,2005,winter,OSC,4,48,0.08333333333333333
Kennedy Siding,2004,winter,OSC,9,51,0.17647058823529413
Kennedy Siding,2003,winter,OSC,9,34,0.2647058823529412
Kennedy Siding,1992,winter,OSC,15,82,0.18292682926829268
Klinse-Za,2020,winter,OSC,10,51,0.19607843137254902
Klinse-Za,2019,winter,OSC,11,70,0.15714285714285714
Klinse-Za,2018,winter,OSC,12,54,0.2222222222222222
Quintette,2017,winter,OSC,9,40,0.225
Klinse-Za,2017,winter,OSC,12,49,0.24489795918367346
Klinse-Za,2016,winter,OSC,9,45,0.2
Klinse-Za,2015,winter,OSC,6,36,0.16666666666666666
Klinse-Za,2014,winter,OSC,4,18,0.2222222222222222
Klinse-Za,2013,winter,OSC,1,7,0.14285714285714285
Klinse-Za,2011,winter,OSC,2,33,0.06060606060606061
Klinse-Za,2010,winter,OSC,2,21,0.09523809523809523
Klinse-Za,2009,winter,OSC,6,42,0.14285714285714285
Klinse-Za,2008,winter,OSC,8,34,0.23529411764705882
Klinse-Za,2007,winter,OSC,1,8,0.125
Klinse-Za,2006,winter,OSC,1,4,0.25
Klinse-Za,2005,winter,OSC,10,31,0.3225806451612903
Klinse-Za,2004,winter,OSC,3,16,0.1875
Klinse-Za,2003,winter,OSC,4,25,0.16
Klinse-Za,2002,winter,OSC,1,17,0.058823529411764705
Nakusp,1976,winter,OSC,4,7,0.5714285714285714
Nakusp,1975,winter,OSC,3,11,0.2727272727272727
Nakusp,1974,winter,OSC,3,14,0.21428571428571427
Narraway AB,2020,winter,OSC,13,58,0.22413793103448276
Narraway AB,2019,winter,OSC,10,25,0.4
Narraway AB,2018,winter,OSC,5,33,0.15151515151515152
Narraway AB,2017,winter,OSC,4,22,0.18181818181818182
Narraway AB,2016,winter,OSC,4,19,0.21052631578947367
Narraway AB,2015,winter,OSC,5,30,0.16666666666666666
Narraway AB,2014,winter,OSC,3,37,0.08108108108108109
Narraway AB,2013,winter,OSC,4,55,0.07272727272727272
Narraway AB,2012,winter,OSC,5,45,0.1111111111111111
Narraway AB,2011,winter,OSC,10,74,0.13513513513513514
Narraway AB,2010,winter,OSC,13,67,0.19402985074626866
Narraway AB,2009,winter,OSC,9,64,0.140625
Narraway AB,2008,winter,OSC,1,65,0.015384615384615385
Narraway AB,2007,winter,OSC,2,100,0.02
Narraway AB,2006,winter,OSC,10,77,0.12987012987012986
Narraway AB,2005,winter,OSC,4,36,0.1111111111111111
North Cariboo,2021,winter,OSC,14,91,0.15384615384615385
Rainbows,2003,winter,OSC,4,35,0.11428571428571428
Rainbows,2002,winter,OSC,3,41,0.07317073170731707
Rainbows,2001,winter,OSC,6,30,0.2
Rainbows,2000,winter,OSC,12,78,0.15384615384615385
Rainbows,1999,winter,OSC,5,43,0.11627906976744186
Rainbows,1998,winter,OSC,4,55,0.07272727272727272
Rainbows,1997,winter,OSC,2,69,0.028985507246376812
Rainbows,1996,winter,OSC,13,104,0.125
Rainbows,1988,winter,OSC,7,57,0.12280701754385964
Rainbows,1987,winter,OSC,31,134,0.23134328358208955
Rainbows,1986,winter,OSC,6,12,0.5
Redrock/Prairie Creek,2020,winter,OSC,25,106,0.2358490566037736
Redrock/Prairie Creek,2019,winter,OSC,15,62,0.24193548387096775
Redrock/Prairie Creek,2018,winter,OSC,22,77,0.2857142857142857
Redrock/Prairie Creek,2017,winter,OSC,18,69,0.2608695652173913
Redrock/Prairie Creek,2016,winter,OSC,9,87,0.10344827586206896
Redrock/Prairie Creek,2015,winter,OSC,17,95,0.17894736842105263
Redrock/Prairie Creek,2014,winter,OSC,11,80,0.1375
Redrock/Prairie Creek,2013,winter,OSC,14,92,0.15217391304347827
Redrock/Prairie Creek,2012,winter,OSC,14,98,0.14285714285714285
Redrock/Prairie Creek,2011,winter,OSC,17,118,0.1440677966101695
Redrock/Prairie Creek,2010,winter,OSC,17,115,0.14782608695652175
Redrock/Prairie Creek,2009,winter,OSC,17,96,0.17708333333333334
Redrock/Prairie Creek,2008,winter,OSC,19,122,0.1557377049180328
Redrock/Prairie Creek,2007,winter,OSC,8,71,0.11267605633802817
Redrock/Prairie Creek,2006,winter,OSC,4,87,0.04597701149425287
Redrock/Prairie Creek,2005,winter,OSC,14,95,0.14736842105263157
Redrock/Prairie Creek,2004,winter,OSC,10,58,0.1724137931034483
Redrock/Prairie Creek,2003,winter,OSC,9,89,0.10112359550561797
Tweedsmuir,2021,winter,OSC,31,103,0.30097087378640774
Tweedsmuir,2019,winter,OSC,13,76,0.17105263157894737
Tweedsmuir,2018,winter,OSC,28,87,0.3218390804597701
Tweedsmuir,2017,winter,OSC,7,101,0.06930693069306931
Tweedsmuir,2016,winter,OSC,13,108,0.12037037037037036
Tweedsmuir,2012,winter,OSC,6,56,0.10714285714285714
Wells Gray North,2008,winter,OSC,8,80,0.1
Chase,2021,winter,MNKA,79,401,0.1970074812967581
Chase,2010,winter,MNKA,41,253,0.16205533596837945
Chase,2009,winter,MNKA,58,333,0.17417417417417416
Chase,2008,winter,MNKA,61,269,0.22676579925650558
Chase,2007,winter,MNKA,55,338,0.16272189349112426
Quintette,2008,winter,MNKA,26,147,0.17687074829931973
Chase,2006,winter,MNKA,24,75,0.32
Chase,2002,winter,MNKA,27,177,0.15254237288135594
Chase,2001,winter,MNKA,28,141,0.19858156028368795
Chase,2000,winter,MNKA,14,109,0.12844036697247707
Columbia North,2014,winter,MNKA,16,108,0.14814814814814814
Columbia South,2011,winter,MNKA,2,5,0.4
Graham,2021,winter,MNKA,21,112,0.1875
Graham,2016,winter,MNKA,21,150,0.14
Graham,2015,winter,MNKA,27,180,0.15
Graham,2009,winter,MNKA,19,170,0.11176470588235295
Graham,2003,winter,MNKA,3,66,0.045454545454545456
Hart North,2020,winter,MNKA,20,94,0.2127659574468085
Hart North,2019,winter,MNKA,23,91,0.25274725274725274
Hart South,2020,winter,MNKA,49,240,0.20416666666666666
Quintette,2013,winter,MNKA,9,105,0.08571428571428572
Itcha-Ilgachuz,2020,spring,MNKA,18,191,0.09424083769633508
Itcha-Ilgachuz,2018,spring,MNKA,138,364,0.3791208791208791
Itcha-Ilgachuz,2015,spring,MNKA,279,672,0.41517857142857145
Itcha-Ilgachuz,2013,spring,MNKA,291,819,0.3553113553113553
Quintette,2016,winter,MNKA,6,33,0.18181818181818182
Kennedy Siding,2011,winter,MNKA,2,42,0.047619047619047616
Quintette,2018,winter,MNKA,13,54,0.24074074074074073
Quintette,2019,winter,MNKA,22,57,0.38596491228070173
Quintette,2020,winter,MNKA,9,30,0.3
North Cariboo,2020,winter,MNKA,19,102,0.18627450980392157
Purcells Central,2004,winter,MNKA,1,5,0.2
Purcells Central,1997,winter,MNKA,1,13,0.07692307692307693
Purcells South,1996,winter,MNKA,1,45,0.022222222222222223
Telkwa,2014,winter,MNKA,4,11,0.36363636363636365
Telkwa,2013,winter,MNKA,3,8,0.375
Telkwa,2012,winter,MNKA,1,2,0.5
Telkwa,2011,winter,MNKA,8,18,0.4444444444444444
Telkwa,2010,winter,MNKA,4,18,0.2222222222222222
Telkwa,2009,winter,MNKA,5,39,0.1282051282051282
Telkwa,2008,winter,MNKA,7,64,0.109375
Telkwa,2007,winter,MNKA,19,64,0.296875
Telkwa,2006,winter,MNKA,22,54,0.4074074074074074
Telkwa,2005,winter,MNKA,10,46,0.21739130434782608
Telkwa,2004,winter,MNKA,21,53,0.39622641509433965
Telkwa,1999,winter,MNKA,2,34,0.058823529411764705
Telkwa,1996,winter,MNKA,1,3,0.3333333333333333
Telkwa,1987,winter,MNKA,6,33,0.18181818181818182
Telkwa,1984,winter,MNKA,15,49,0.30612244897959184
Tweedsmuir,2022,fall,MNKA,38,127,0.2992125984251969
Wolverine,2010,winter,MNKA,28,199,0.1407035175879397
Wolverine,2009,winter,MNKA,28,227,0.12334801762114538
Wolverine,2008,winter,MNKA,49,286,0.17132867132867133
Wolverine,2007,winter,MNKA,54,295,0.18305084745762712
Wolverine,2004,winter,MNKA,39,144,0.2708333333333333
Wolverine,2002,winter,MNKA,36,110,0.32727272727272727
Wolverine,2001,winter,MNKA,19,112,0.16964285714285715
Wolverine,2000,winter,MNKA,10,104,0.09615384615384616
